alpha	beta	gamma	delta	eps	verdict	steps	drift	ceiling	cong	sieve_forb	sieve_tested	sieve_mass
1	-1	1	0	-1	HALT	1	-0.635564	1.606695		0	0	0.000000
1	-1	1	0	0	HALT	1	-0.635564	1.606695		0	0	0.000000
1	-1	1	0	1	CYCLE	0	-0.635564	1.606695	3	0	0	0.000000
1	-1	1	0	2	HALT	1	-0.635564	1.606695		0	0	0.000000
1	-1	1	1	-1	HALT	1	-0.635564	1.606695		0	0	0.000000
1	-1	1	1	0	HALT	1	-0.635564	1.606695		0	0	0.000000
1	-1	1	1	1	CYCLE	0	-0.635564	1.606695		0	0	0.000000
1	-1	1	1	2	HALT	1	-0.635564	1.606695		0	0	0.000000
1	-1	1	2	-1	HALT	1	-0.635564	1.606695		0	0	0.000000
1	-1	1	2	0	HALT	1	-0.635564	1.606695		0	0	0.000000
1	-1	1	2	1	CYCLE	0	-0.635564	1.606695		0	0	0.000000
1	-1	1	2	2	HALT	1	-0.635564	1.606695		0	0	0.000000
1	-1	2	0	-2	HALT	1	-0.635564	1.606695		0	0	0.000000
1	-1	2	0	-1	HALT	1	-0.635564	1.606695		0	0	0.000000
1	-1	2	0	0	CYCLE	0	-0.635564	1.606695		0	0	0.000000
1	-1	2	0	1	HALT	1	-0.635564	1.606695		0	0	0.000000
1	-1	2	0	2	HALT	4	-0.635564	1.606695		0	0	0.000000
1	-1	2	1	-2	HALT	1	-0.635564	1.606695		0	0	0.000000
1	-1	2	1	-1	HALT	1	-0.635564	1.606695		0	0	0.000000
1	-1	2	1	0	CYCLE	0	-0.635564	1.606695		0	0	0.000000
1	-1	2	1	1	HALT	1	-0.635564	1.606695		0	0	0.000000
1	-1	2	1	2	CYCLE	3	-0.635564	1.606695		0	0	0.000000
1	-1	2	2	-2	HALT	1	-0.635564	1.606695		0	0	0.000000
1	-1	2	2	-1	HALT	1	-0.635564	1.606695		0	0	0.000000
1	-1	2	2	0	CYCLE	0	-0.635564	1.606695		0	0	0.000000
1	-1	2	2	1	HALT	1	-0.635564	1.606695		0	0	0.000000
1	-1	2	2	2	HALT	5	-0.635564	1.606695		0	0	0.000000
1	-1	3	0	-2	HALT	1	-0.635564	1.606695		0	0	0.000000
1	-1	3	0	-1	CYCLE	0	-0.635564	1.606695		0	0	0.000000
1	-1	3	0	0	HALT	1	-0.635564	1.606695		0	0	0.000000
1	-1	3	0	1	CYCLE	3	-0.635564	1.606695		0	0	0.000000
1	-1	3	0	2	CYCLE	2	-0.635564	1.606695		0	0	0.000000
1	-1	3	1	-2	HALT	1	-0.635564	1.606695		0	0	0.000000
1	-1	3	1	-1	CYCLE	0	-0.635564	1.606695		0	0	0.000000
1	-1	3	1	0	HALT	1	-0.635564	1.606695		0	0	0.000000
1	-1	3	1	1	HALT	5	-0.635564	1.606695		0	0	0.000000
1	-1	3	1	2	HALT	4	-0.635564	1.606695		0	0	0.000000
1	-1	3	2	-2	HALT	1	-0.635564	1.606695		0	0	0.000000
1	-1	3	2	-1	CYCLE	0	-0.635564	1.606695		0	0	0.000000
1	-1	3	2	0	HALT	1	-0.635564	1.606695		0	0	0.000000
1	-1	3	2	1	HALT	12	-0.635564	1.606695		0	0	0.000000
1	-1	3	2	2	HALT	5	-0.635564	1.606695		0	0	0.000000
1	1	1	0	-2	HALT	1	0.401524	0.764500		7	9	0.373047
1	1	1	0	-1	CYCLE	0	0.401524	0.764500	3	8	9	0.748047
1	1	1	0	0	HALT	1	0.401524	0.764500		0	9	0.000000
1	1	1	0	1	HALT	2	0.401524	0.764500		0	9	0.000000
1	1	1	0	2	GROW	3000	0.401524	0.764500	3	8	9	0.748047
1	1	1	1	-2	HALT	1	0.401524	0.764500		5	9	0.060547
1	1	1	1	-1	CYCLE	0	0.401524	0.764500		7	9	0.623047
1	1	1	1	0	HALT	1	0.401524	0.764500		7	9	0.248047
1	1	1	1	1	HALT	2	0.401524	0.764500		6	9	0.123047
1	1	1	1	2	GROW	3000	0.401524	0.764500		7	9	0.810547
1	1	1	2	-2	HALT	1	0.401524	0.764500		7	9	0.248047
1	1	1	2	-1	CYCLE	0	0.401524	0.764500		6	9	0.560547
1	1	1	2	0	HALT	1	0.401524	0.764500		6	9	0.123047
1	1	1	2	1	HALT	2	0.401524	0.764500		6	9	0.404297
1	1	1	2	2	GROW	3000	0.401524	0.764500		6	9	0.560547
1	1	2	0	-2	CYCLE	0	0.401524	0.764500		8	9	0.748047
1	1	2	0	-1	HALT	1	0.401524	0.764500		0	9	0.000000
1	1	2	0	0	HALT	2	0.401524	0.764500		0	9	0.000000
1	1	2	0	1	GROW	3000	0.401524	0.764500		9	9	0.998047
1	1	2	0	2	HALT	16	0.401524	0.764500		0	9	0.000000
1	1	2	1	-2	CYCLE	0	0.401524	0.764500		4	9	0.572266
1	1	2	1	-1	HALT	1	0.401524	0.764500		4	9	0.146484
1	1	2	1	0	HALT	2	0.401524	0.764500		5	9	0.294922
1	1	2	1	1	GROW	3000	0.401524	0.764500		5	9	0.589844
1	1	2	1	2	HALT	4	0.401524	0.764500		5	9	0.181641
1	1	2	2	-2	CYCLE	0	0.401524	0.764500		7	9	0.623047
1	1	2	2	-1	HALT	1	0.401524	0.764500		5	9	0.294922
1	1	2	2	0	HALT	2	0.401524	0.764500		7	9	0.248047
1	1	2	2	1	HALT	4	0.401524	0.764500		5	9	0.589844
1	1	2	2	2	GROW	3000	0.401524	0.764500		6	9	0.123047
1	1	3	0	-2	HALT	1	0.401524	0.764500		6	9	0.123047
1	1	3	0	-1	HALT	2	0.401524	0.764500		7	9	0.373047
1	1	3	0	0	GROW	3000	0.401524	0.764500		8	9	0.748047
1	1	3	0	1	HALT	4	0.401524	0.764500		0	9	0.000000
1	1	3	0	2	HALT	1	0.401524	0.764500		0	9	0.000000
1	1	3	1	-2	HALT	1	0.401524	0.764500		6	9	0.404297
1	1	3	1	-1	HALT	2	0.401524	0.764500		5	9	0.060547
1	1	3	1	0	GROW	3000	0.401524	0.764500		7	9	0.623047
1	1	3	1	1	GROW	3000	0.401524	0.764500		7	9	0.248047
1	1	3	1	2	HALT	1	0.401524	0.764500		6	9	0.123047
1	1	3	2	-2	HALT	1	0.401524	0.764500		6	9	0.123047
1	1	3	2	-1	HALT	2	0.401524	0.764500		7	9	0.248047
1	1	3	2	0	GROW	3000	0.401524	0.764500		6	9	0.560547
1	1	3	2	1	GROW	3000	0.401524	0.764500		6	9	0.123047
1	1	3	2	2	HALT	1	0.401524	0.764500		6	9	0.404297
1	2	1	0	-2	CYCLE	0	0.700762	0.632250	3	7	9	0.373047
1	2	1	0	-1	HALT	1	0.700762	0.632250		0	9	0.000000
1	2	1	0	0	GROW	3000	0.700762	0.632250	6	0	9	0.000000
1	2	1	0	1	GROW	3000	0.700762	0.632250	3	8	9	0.498047
1	2	1	0	2	GROW	3000	0.700762	0.632250	4	0	9	0.000000
1	2	1	1	-2	CYCLE	0	0.700762	0.632250	4	3	9	0.072266
1	2	1	1	-1	HALT	1	0.700762	0.632250		4	9	0.146484
1	2	1	1	0	GROW	3000	0.700762	0.632250	6	5	9	0.294922
1	2	1	1	1	HALT	3	0.700762	0.632250		4	9	0.089844
1	2	1	1	2	GROW	3000	0.700762	0.632250	4	4	9	0.056641
1	2	1	2	-2	CYCLE	0	0.700762	0.632250	4	6	9	0.123047
1	2	1	2	-1	HALT	1	0.700762	0.632250		5	9	0.294922
1	2	1	2	0	GROW	3000	0.700762	0.632250	6	5	9	0.060547
1	2	1	2	1	GROW	3000	0.700762	0.632250	8	4	9	0.089844
1	2	1	2	2	GROW	3000	0.700762	0.632250	4	6	9	0.404297
1	2	2	0	-2	HALT	1	0.700762	0.632250		0	9	0.000000
1	2	2	0	-1	GROW	3000	0.700762	0.632250	6	7	9	0.373047
1	2	2	0	0	HALT	3	0.700762	0.632250		0	9	0.000000
1	2	2	0	1	GROW	3000	0.700762	0.632250	4	0	9	0.000000
1	2	2	0	2	HALT	1	0.700762	0.632250		8	9	0.498047
1	2	2	1	-2	HALT	1	0.700762	0.632250		3	9	0.285156
1	2	2	1	-1	GROW	3000	0.700762	0.632250	6	3	9	0.072266
1	2	2	1	0	GROW	3000	0.700762	0.632250	8	4	9	0.146484
1	2	2	1	1	GROW	3000	0.700762	0.632250	4	5	9	0.294922
1	2	2	1	2	HALT	1	0.700762	0.632250		4	9	0.089844
1	2	2	2	-2	HALT	1	0.700762	0.632250		4	9	0.146484
1	2	2	2	-1	GROW	3000	0.700762	0.632250	6	6	9	0.123047
1	2	2	2	0	GROW	3000	0.700762	0.632250		5	9	0.294922
1	2	2	2	1	GROW	3000	0.700762	0.632250	4	5	9	0.060547
1	2	2	2	2	HALT	1	0.700762	0.632250		4	9	0.089844
1	2	3	0	-2	GROW	3000	0.700762	0.632250	6	6	9	0.185547
1	2	3	0	-1	GROW	3000	0.700762	0.632250	8	0	9	0.000000
1	2	3	0	0	GROW	3000	0.700762	0.632250	4	7	9	0.373047
1	2	3	0	1	HALT	1	0.700762	0.632250		0	9	0.000000
1	2	3	0	2	GROW	3000	0.700762	0.632250	6	0	9	0.000000
1	2	3	1	-2	GROW	3000	0.700762	0.632250	6	2	9	0.017578
1	2	3	1	-1	GROW	3000	0.700762	0.632250		3	9	0.285156
1	2	3	1	0	GROW	3000	0.700762	0.632250	4	3	9	0.072266
1	2	3	1	1	HALT	1	0.700762	0.632250		4	9	0.146484
1	2	3	1	2	GROW	3000	0.700762	0.632250	6	5	9	0.294922
1	2	3	2	-2	GROW	3000	0.700762	0.632250	6	6	9	0.310547
1	2	3	2	-1	GROW	3000	0.700762	0.632250	16	4	9	0.146484
1	2	3	2	0	GROW	3000	0.700762	0.632250	4	6	9	0.123047
1	2	3	2	1	HALT	1	0.700762	0.632250		5	9	0.294922
1	2	3	2	2	GROW	3000	0.700762	0.632250	6	5	9	0.060547
1	3	1	0	-2	HALT	1	0.941149	0.545280		4	9	0.287109
1	3	1	0	-1	GROW	3000	0.941149	0.545280	10	4	9	0.537109
1	3	1	0	0	GROW	3000	0.941149	0.545280	3	0	9	0.000000
1	3	1	0	1	GROW	3000	0.941149	0.545280		4	9	0.287109
1	3	1	0	2	HALT	1	0.941149	0.545280		0	9	0.000000
1	3	1	1	-2	HALT	1	0.941149	0.545280		1	9	0.003906
1	3	1	1	-1	HALT	3	0.941149	0.545280		3	9	0.533203
1	3	1	1	0	GROW	3000	0.941149	0.545280		3	9	0.285156
1	3	1	1	1	GROW	3000	0.941149	0.545280		3	9	0.037109
1	3	1	1	2	HALT	1	0.941149	0.545280		2	9	0.253906
1	3	1	2	-2	HALT	1	0.941149	0.545280		2	9	0.005859
1	3	1	2	-1	GROW	3000	0.941149	0.545280		4	9	0.755859
1	3	1	2	0	GROW	3000	0.941149	0.545280		2	9	0.035156
1	3	1	2	1	GROW	3000	0.941149	0.545280		4	9	0.287109
1	3	1	2	2	HALT	1	0.941149	0.545280		2	9	0.281250
1	3	2	0	-2	HALT	3	0.941149	0.545280		4	9	0.537109
1	3	2	0	-1	GROW	3000	0.941149	0.545280		4	9	0.287109
1	3	2	0	0	GROW	3000	0.941149	0.545280		0	9	0.000000
1	3	2	0	1	HALT	1	0.941149	0.545280		4	9	0.287109
1	3	2	0	2	GROW	3000	0.941149	0.545280		4	9	0.287109
1	3	2	1	-2	GROW	3000	0.941149	0.545280		5	9	0.798828
1	3	2	1	-1	GROW	3000	0.941149	0.545280		2	9	0.035156
1	3	2	1	0	GROW	3000	0.941149	0.545280		3	9	0.314453
1	3	2	1	1	HALT	1	0.941149	0.545280		4	9	0.380859
1	3	2	1	2	GROW	3000	0.941149	0.545280		3	9	0.285156
1	3	2	2	-2	HALT	4	0.941149	0.545280		3	9	0.533203
1	3	2	2	-1	GROW	3000	0.941149	0.545280		4	9	0.380859
1	3	2	2	0	GROW	3000	0.941149	0.545280		3	9	0.285156
1	3	2	2	1	HALT	1	0.941149	0.545280		3	9	0.285156
1	3	2	2	2	GROW	3000	0.941149	0.545280		3	9	0.037109
1	3	3	0	-2	GROW	3000	0.941149	0.545280		2	9	0.005859
1	3	3	0	-1	GROW	3000	0.941149	0.545280		4	9	0.410156
1	3	3	0	0	HALT	1	0.941149	0.545280		4	9	0.287109
1	3	3	0	1	GROW	3000	0.941149	0.545280		4	9	0.287109
1	3	3	0	2	GROW	3000	0.941149	0.545280		4	9	0.537109
1	3	3	1	-2	GROW	3000	0.941149	0.545280		3	9	0.283203
1	3	3	1	-1	GROW	3000	0.941149	0.545280		3	9	0.255859
1	3	3	1	0	HALT	1	0.941149	0.545280		3	9	0.285156
1	3	3	1	1	GROW	3000	0.941149	0.545280		1	9	0.003906
1	3	3	1	2	GROW	3000	0.941149	0.545280		3	9	0.533203
1	3	3	2	-2	GROW	3000	0.941149	0.545280		3	9	0.285156
1	3	3	2	-1	GROW	3000	0.941149	0.545280		4	9	0.287109
1	3	3	2	0	HALT	1	0.941149	0.545280		2	9	0.035156
1	3	3	2	1	GROW	3000	0.941149	0.545280		2	9	0.005859
1	3	3	2	2	GROW	3000	0.941149	0.545280		4	9	0.755859
1	4	1	0	-2	GROW	3000	1.142862	0.482792	6	0	9	0.000000
1	4	1	0	-1	GROW	3000	1.142862	0.482792	3	7	9	0.685547
1	4	1	0	0	GROW	3000	1.142862	0.482792	4	0	9	0.000000
1	4	1	0	1	HALT	1	1.142862	0.482792		0	9	0.000000
1	4	1	0	2	GROW	3000	1.142862	0.482792	3	8	9	0.748047
1	4	1	1	-2	GROW	3000	1.142862	0.482792	6	2	9	0.035156
1	4	1	1	-1	GROW	3000	1.142862	0.482792	12	4	9	0.572266
1	4	1	1	0	GROW	3000	1.142862	0.482792	4	4	9	0.146484
1	4	1	1	1	HALT	1	1.142862	0.482792		4	9	0.044922
1	4	1	1	2	GROW	3000	1.142862	0.482792	6	4	9	0.527344
1	4	1	2	-2	GROW	3000	1.142862	0.482792	6	4	9	0.146484
1	4	1	2	-1	GROW	3000	1.142862	0.482792	8	5	9	0.529297
1	4	1	2	0	GROW	3000	1.142862	0.482792	4	4	9	0.044922
1	4	1	2	1	HALT	1	1.142862	0.482792		5	9	0.201172
1	4	1	2	2	GROW	3000	1.142862	0.482792	6	4	9	0.527344
1	4	2	0	-2	GROW	3000	1.142862	0.482792	12	7	9	0.685547
1	4	2	0	-1	GROW	3000	1.142862	0.482792	4	5	9	0.091797
1	4	2	0	0	HALT	1	1.142862	0.482792		0	9	0.000000
1	4	2	0	1	GROW	3000	1.142862	0.482792	6	7	9	0.685547
1	4	2	0	2	GROW	3000	1.142862	0.482792	12	0	9	0.000000
1	4	2	1	-2	GROW	3000	1.142862	0.482792	8	2	9	0.507812
1	4	2	1	-1	GROW	3000	1.142862	0.482792	4	3	9	0.142578
1	4	2	1	0	HALT	1	1.142862	0.482792		2	9	0.035156
1	4	2	1	1	GROW	3000	1.142862	0.482792	6	4	9	0.572266
1	4	2	1	2	GROW	3000	1.142862	0.482792	12	4	9	0.146484
1	4	2	2	-2	GROW	3000	1.142862	0.482792	16	4	9	0.572266
1	4	2	2	-1	GROW	3000	1.142862	0.482792	4	5	9	0.060547
1	4	2	2	0	HALT	1	1.142862	0.482792		4	9	0.146484
1	4	2	2	1	GROW	3000	1.142862	0.482792	6	5	9	0.529297
1	4	2	2	2	GROW	3000	1.142862	0.482792		4	9	0.044922
1	4	3	0	-2	GROW	3000	1.142862	0.482792	4	0	9	0.000000
1	4	3	0	-1	HALT	1	1.142862	0.482792		4	9	0.029297
1	4	3	0	0	GROW	3000	1.142862	0.482792	6	7	9	0.685547
1	4	3	0	1	GROW	3000	1.142862	0.482792	12	5	9	0.091797
1	4	3	0	2	GROW	3000	1.142862	0.482792	4	0	9	0.000000
1	4	3	1	-2	GROW	3000	1.142862	0.482792	4	4	9	0.205078
1	4	3	1	-1	HALT	1	1.142862	0.482792		2	9	0.035156
1	4	3	1	0	GROW	3000	1.142862	0.482792	6	2	9	0.507812
1	4	3	1	1	GROW	3000	1.142862	0.482792		3	9	0.142578
1	4	3	1	2	GROW	3000	1.142862	0.482792	4	2	9	0.035156
1	4	3	2	-2	GROW	3000	1.142862	0.482792	4	2	9	0.035156
1	4	3	2	-1	HALT	1	1.142862	0.482792		5	9	0.154297
1	4	3	2	0	GROW	3000	1.142862	0.482792	6	4	9	0.572266
1	4	3	2	1	GROW	3000	1.142862	0.482792		5	9	0.060547
1	4	3	2	2	GROW	3000	1.142862	0.482792	4	4	9	0.146484
1	5	1	0	-2	GROW	3000	1.317052	0.435261	3	7	9	0.841797
1	5	1	0	-1	GROW	3000	1.317052	0.435261	14	5	9	0.576172
1	5	1	0	0	HALT	1	1.317052	0.435261		0	9	0.000000
1	5	1	0	1	GROW	3000	1.317052	0.435261	3	6	9	0.341797
1	5	1	0	2	GROW	3000	1.317052	0.435261		6	9	0.591797
1	5	1	1	-2	GROW	3000	1.317052	0.435261		4	9	0.574219
1	5	1	1	-1	GROW	3000	1.317052	0.435261		4	9	0.585938
1	5	1	1	0	HALT	1	1.317052	0.435261		5	9	0.279297
1	5	1	1	1	GROW	3000	1.317052	0.435261		4	9	0.087891
1	5	1	1	2	GROW	3000	1.317052	0.435261		5	9	0.587891
1	5	1	2	-2	GROW	3000	1.317052	0.435261		6	9	0.591797
1	5	1	2	-1	GROW	3000	1.317052	0.435261		5	9	0.824219
1	5	1	2	0	HALT	1	1.317052	0.435261		4	9	0.089844
1	5	1	2	1	GROW	3000	1.317052	0.435261		4	9	0.087891
1	5	1	2	2	GROW	3000	1.317052	0.435261		6	9	0.779297
1	5	2	0	-2	GROW	3000	1.317052	0.435261		5	9	0.576172
1	5	2	0	-1	HALT	1	1.317052	0.435261		6	9	0.341797
1	5	2	0	0	GROW	3000	1.317052	0.435261		0	9	0.000000
1	5	2	0	1	GROW	3000	1.317052	0.435261		6	9	0.591797
1	5	2	0	2	GROW	3000	1.317052	0.435261		6	9	0.341797
1	5	2	1	-2	GROW	3000	1.317052	0.435261		6	9	0.839844
1	5	2	1	-1	HALT	1	1.317052	0.435261		3	9	0.085938
1	5	2	1	0	GROW	3000	1.317052	0.435261		2	9	0.078125
1	5	2	1	1	GROW	3000	1.317052	0.435261		5	9	0.847656
1	5	2	1	2	GROW	3000	1.317052	0.435261		3	9	0.072266
1	5	2	2	-2	GROW	3000	1.317052	0.435261		4	9	0.585938
1	5	2	2	-1	HALT	1	1.317052	0.435261		3	9	0.072266
1	5	2	2	0	GROW	3000	1.317052	0.435261		5	9	0.279297
1	5	2	2	1	GROW	3000	1.317052	0.435261		4	9	0.644531
1	5	2	2	2	GROW	3000	1.317052	0.435261		4	9	0.087891
1	5	3	0	-2	HALT	1	1.317052	0.435261		1	9	0.007812
1	5	3	0	-1	GROW	3000	1.317052	0.435261		3	9	0.013672
1	5	3	0	0	GROW	3000	1.317052	0.435261		6	9	0.839844
1	5	3	0	1	GROW	3000	1.317052	0.435261		4	9	0.152344
1	5	3	0	2	GROW	3000	1.317052	0.435261		5	9	0.576172
1	5	3	1	-2	HALT	1	1.317052	0.435261		3	9	0.025391
1	5	3	1	-1	GROW	3000	1.317052	0.435261		5	9	0.443359
1	5	3	1	0	GROW	3000	1.317052	0.435261		4	9	0.574219
1	5	3	1	1	HALT	6	1.317052	0.435261		3	9	0.085938
1	5	3	1	2	GROW	3000	1.317052	0.435261		5	9	0.771484
1	5	3	2	-2	HALT	1	1.317052	0.435261		5	9	0.326172
1	5	3	2	-1	GROW	3000	1.317052	0.435261		3	9	0.025391
1	5	3	2	0	GROW	3000	1.317052	0.435261		4	9	0.585938
1	5	3	2	1	GROW	3000	1.317052	0.435261		6	9	0.341797
1	5	3	2	2	GROW	3000	1.317052	0.435261		3	9	0.523438
1	6	1	0	-2	GROW	3000	1.470574	0.397640	4	4	9	0.767578
1	6	1	0	-1	HALT	1	1.470574	0.397640		3	9	0.142578
1	6	1	0	0	GROW	3000	1.470574	0.397640	3	0	9	0.000000
1	6	1	0	1	GROW	3000	1.470574	0.397640	10	3	9	0.142578
1	6	1	0	2	GROW	3000	1.470574	0.397640	4	4	9	0.642578
1	6	1	1	-2	GROW	3000	1.470574	0.397640	4	3	9	0.517578
1	6	1	1	-1	HALT	1	1.470574	0.397640		2	9	0.156250
1	6	1	1	0	GROW	3000	1.470574	0.397640	6	3	9	0.189453
1	6	1	1	1	GROW	3000	1.470574	0.397640		3	9	0.142578
1	6	1	1	2	GROW	3000	1.470574	0.397640	4	3	9	0.751953
1	6	1	2	-2	GROW	3000	1.470574	0.397640	4	4	9	0.642578
1	6	1	2	-1	HALT	1	1.470574	0.397640		3	9	0.142578
1	6	1	2	0	GROW	3000	1.470574	0.397640	6	2	9	0.017578
1	6	1	2	1	GROW	3000	1.470574	0.397640	20	2	9	0.251953
1	6	1	2	2	GROW	3000	1.470574	0.397640	4	3	9	0.626953
1	6	2	0	-2	HALT	1	1.470574	0.397640		3	9	0.142578
1	6	2	0	-1	GROW	3000	1.470574	0.397640	6	3	9	0.142578
1	6	2	0	0	GROW	3000	1.470574	0.397640		0	9	0.000000
1	6	2	0	1	GROW	3000	1.470574	0.397640	4	4	9	0.767578
1	6	2	0	2	GROW	3000	1.470574	0.397640		3	9	0.142578
1	6	2	1	-2	HALT	1	1.470574	0.397640		1	9	0.001953
1	6	2	1	-1	GROW	3000	1.470574	0.397640	6	2	9	0.019531
1	6	2	1	0	GROW	3000	1.470574	0.397640	20	4	9	0.398438
1	6	2	1	1	GROW	3000	1.470574	0.397640	4	3	9	0.517578
1	6	2	1	2	GROW	3000	1.470574	0.397640		2	9	0.156250
1	6	2	2	-2	HALT	1	1.470574	0.397640		2	9	0.156250
1	6	2	2	-1	GROW	3000	1.470574	0.397640	6	2	9	0.265625
1	6	2	2	0	GROW	3000	1.470574	0.397640		3	9	0.189453
1	6	2	2	1	GROW	3000	1.470574	0.397640	4	4	9	0.642578
1	6	2	2	2	GROW	3000	1.470574	0.397640		3	9	0.142578
1	6	3	0	-2	GROW	3000	1.470574	0.397640	6	4	9	0.205078
1	6	3	0	-1	GROW	3000	1.470574	0.397640	20	3	9	0.267578
1	6	3	0	0	GROW	3000	1.470574	0.397640	4	4	9	0.642578
1	6	3	0	1	GROW	3000	1.470574	0.397640	16	3	9	0.142578
1	6	3	0	2	GROW	3000	1.470574	0.397640	8	3	9	0.142578
1	6	3	1	-2	GROW	3000	1.470574	0.397640	6	2	9	0.375000
1	6	3	1	-1	GROW	3000	1.470574	0.397640		3	9	0.142578
1	6	3	1	0	GROW	3000	1.470574	0.397640	4	4	9	0.642578
1	6	3	1	1	GROW	3000	1.470574	0.397640	32	1	9	0.001953
1	6	3	1	2	GROW	3000	1.470574	0.397640	8	2	9	0.019531
1	6	3	2	-2	GROW	3000	1.470574	0.397640	6	3	9	0.142578
1	6	3	2	-1	GROW	3000	1.470574	0.397640	12	2	9	0.017578
1	6	3	2	0	GROW	3000	1.470574	0.397640	4	2	9	0.501953
1	6	3	2	1	GROW	3000	1.470574	0.397640	16	2	9	0.156250
1	6	3	2	2	GROW	3000	1.470574	0.397640	8	2	9	0.265625
1	7	1	0	-2	HALT	1	1.607966	0.366971		4	9	0.287109
1	7	1	0	-1	GROW	3000	1.607966	0.366971	3	8	9	0.748047
1	7	1	0	0	GROW	3000	1.607966	0.366971	7	0	9	0.000000
1	7	1	0	1	GROW	3000	1.607966	0.366971		5	9	0.181641
1	7	1	0	2	GROW	3000	1.607966	0.366971	3	8	9	0.748047
1	7	1	1	-2	HALT	1	1.607966	0.366971		2	9	0.046875
1	7	1	1	-1	GROW	3000	1.607966	0.366971		7	9	0.732422
1	7	1	1	0	GROW	3000	1.607966	0.366971		5	9	0.201172
1	7	1	1	1	GROW	3000	1.607966	0.366971		3	9	0.164062
1	7	1	1	2	GROW	3000	1.607966	0.366971		3	9	0.523438
1	7	1	2	-2	HALT	1	1.607966	0.366971		3	9	0.134766
1	7	1	2	-1	GROW	3000	1.607966	0.366971		7	9	0.685547
1	7	1	2	0	GROW	3000	1.607966	0.366971		4	9	0.113281
1	7	1	2	1	GROW	3000	1.607966	0.366971		3	9	0.189453
1	7	1	2	2	GROW	3000	1.607966	0.366971		6	9	0.681641
1	7	2	0	-2	GROW	3000	1.607966	0.366971		8	9	0.748047
1	7	2	0	-1	GROW	3000	1.607966	0.366971		7	9	0.248047
1	7	2	0	0	GROW	3000	1.607966	0.366971		0	9	0.000000
1	7	2	0	1	GROW	3000	1.607966	0.366971		8	9	0.748047
1	7	2	0	2	GROW	3000	1.607966	0.366971		5	9	0.181641
1	7	2	1	-2	HALT	4	1.607966	0.366971		7	9	0.623047
1	7	2	1	-1	GROW	3000	1.607966	0.366971		6	9	0.185547
1	7	2	1	0	GROW	3000	1.607966	0.366971		6	9	0.246094
1	7	2	1	1	GROW	3000	1.607966	0.366971		6	9	0.742188
1	7	2	1	2	GROW	3000	1.607966	0.366971		5	9	0.236328
1	7	2	2	-2	GROW	3000	1.607966	0.366971		7	9	0.732422
1	7	2	2	-1	GROW	3000	1.607966	0.366971		3	9	0.218750
1	7	2	2	0	GROW	3000	1.607966	0.366971		5	9	0.201172
1	7	2	2	1	GROW	3000	1.607966	0.366971		4	9	0.695312
1	7	2	2	2	GROW	3000	1.607966	0.366971		3	9	0.164062
1	7	3	0	-2	GROW	3000	1.607966	0.366971		7	9	0.248047
1	7	3	0	-1	GROW	3000	1.607966	0.366971		4	9	0.199219
1	7	3	0	0	GROW	3000	1.607966	0.366971		5	9	0.666016
1	7	3	0	1	GROW	3000	1.607966	0.366971		3	9	0.148438
1	7	3	0	2	GROW	3000	1.607966	0.366971		4	9	0.138672
1	7	3	1	-2	GROW	3000	1.607966	0.366971		4	9	0.146484
1	7	3	1	-1	GROW	3000	1.607966	0.366971		3	9	0.160156
1	7	3	1	0	GROW	3000	1.607966	0.366971		5	9	0.666016
1	7	3	1	1	GROW	3000	1.607966	0.366971		5	9	0.236328
1	7	3	1	2	GROW	3000	1.607966	0.366971		4	9	0.044922
1	7	3	2	-2	GROW	3000	1.607966	0.366971		6	9	0.244141
1	7	3	2	-1	GROW	3000	1.607966	0.366971		4	9	0.146484
1	7	3	2	0	GROW	3000	1.607966	0.366971		6	9	0.621094
1	7	3	2	1	GROW	3000	1.607966	0.366971		2	9	0.039062
1	7	3	2	2	GROW	3000	1.607966	0.366971		4	9	0.166016
2	-1	1	0	-2	HALT	1	0.728873	0.606695		7	9	0.373047
2	-1	1	0	-1	CYCLE	0	0.728873	0.606695		8	9	0.748047
2	-1	1	0	0	HALT	1	0.728873	0.606695		0	9	0.000000
2	-1	1	0	1	HALT	2	0.728873	0.606695		8	9	0.498047
2	-1	1	0	2	HALT	4	0.728873	0.606695		8	9	0.748047
2	-1	1	1	-2	HALT	1	0.728873	0.606695		6	9	0.123047
2	-1	1	1	-1	CYCLE	0	0.728873	0.606695		8	9	0.748047
2	-1	1	1	0	HALT	1	0.728873	0.606695		8	9	0.498047
2	-1	1	1	1	HALT	2	0.728873	0.606695		7	9	0.248047
2	-1	1	1	2	HALT	6	0.728873	0.606695		8	9	0.873047
2	-1	1	2	-2	HALT	1	0.728873	0.606695		7	9	0.248047
2	-1	1	2	-1	CYCLE	0	0.728873	0.606695		9	9	0.998047
2	-1	1	2	0	HALT	1	0.728873	0.606695		6	9	0.123047
2	-1	1	2	1	HALT	2	0.728873	0.606695		8	9	0.498047
2	-1	1	2	2	GROW	3000	0.728873	0.606695		8	9	0.935547
2	-1	2	0	-2	CYCLE	0	0.728873	0.606695	3	8	9	0.748047
2	-1	2	0	-1	HALT	1	0.728873	0.606695		8	9	0.498047
2	-1	2	0	0	HALT	2	0.728873	0.606695		0	9	0.000000
2	-1	2	0	1	GROW	3000	0.728873	0.606695	3	9	9	0.998047
2	-1	2	0	2	HALT	5	0.728873	0.606695		8	9	0.498047
2	-1	2	1	-2	CYCLE	0	0.728873	0.606695		8	9	0.873047
2	-1	2	1	-1	HALT	1	0.728873	0.606695		7	9	0.248047
2	-1	2	1	0	HALT	2	0.728873	0.606695		8	9	0.498047
2	-1	2	1	1	GROW	3000	0.728873	0.606695		9	9	0.998047
2	-1	2	1	2	GROW	3000	0.728873	0.606695		8	9	0.498047
2	-1	2	2	-2	CYCLE	0	0.728873	0.606695		8	9	0.748047
2	-1	2	2	-1	HALT	1	0.728873	0.606695		8	9	0.498047
2	-1	2	2	0	HALT	2	0.728873	0.606695		8	9	0.498047
2	-1	2	2	1	GROW	3000	0.728873	0.606695		9	9	0.998047
2	-1	2	2	2	GROW	3000	0.728873	0.606695		7	9	0.248047
2	-1	3	0	-2	HALT	1	0.728873	0.606695		7	9	0.248047
2	-1	3	0	-1	HALT	2	0.728873	0.606695		8	9	0.498047
2	-1	3	0	0	GROW	3000	0.728873	0.606695		9	9	0.998047
2	-1	3	0	1	GROW	3000	0.728873	0.606695		8	9	0.498047
2	-1	3	0	2	HALT	1	0.728873	0.606695		7	9	0.248047
2	-1	3	1	-2	HALT	1	0.728873	0.606695		8	9	0.498047
2	-1	3	1	-1	HALT	2	0.728873	0.606695		8	9	0.498047
2	-1	3	1	0	GROW	3000	0.728873	0.606695		9	9	0.998047
2	-1	3	1	1	GROW	3000	0.728873	0.606695		7	9	0.248047
2	-1	3	1	2	HALT	1	0.728873	0.606695		6	9	0.123047
2	-1	3	2	-2	HALT	1	0.728873	0.606695		8	9	0.498047
2	-1	3	2	-1	HALT	2	0.728873	0.606695		8	9	0.498047
2	-1	3	2	0	GROW	3000	0.728873	0.606695		7	9	0.623047
2	-1	3	2	1	GROW	3000	0.728873	0.606695		6	9	0.123047
2	-1	3	2	2	HALT	1	0.728873	0.606695		7	9	0.435547
2	1	1	0	-2	HALT	1	1.218086	0.431166		7	9	0.373047
2	1	1	0	-1	GROW	3000	1.218086	0.431166		8	9	0.748047
2	1	1	0	0	GROW	3000	1.218086	0.431166		0	9	0.000000
2	1	1	0	1	GROW	3000	1.218086	0.431166		8	9	0.498047
2	1	1	0	2	HALT	1	1.218086	0.431166		7	9	0.248047
2	1	1	1	-2	HALT	1	1.218086	0.431166		6	9	0.123047
2	1	1	1	-1	GROW	3000	1.218086	0.431166		8	9	0.748047
2	1	1	1	0	GROW	3000	1.218086	0.431166		8	9	0.498047
2	1	1	1	1	GROW	3000	1.218086	0.431166		7	9	0.248047
2	1	1	1	2	HALT	1	1.218086	0.431166		6	9	0.123047
2	1	1	2	-2	HALT	1	1.218086	0.431166		7	9	0.248047
2	1	1	2	-1	GROW	3000	1.218086	0.431166		9	9	0.998047
2	1	1	2	0	GROW	3000	1.218086	0.431166		6	9	0.123047
2	1	1	2	1	GROW	3000	1.218086	0.431166		6	9	0.123047
2	1	1	2	2	HALT	1	1.218086	0.431166		7	9	0.435547
2	1	2	0	-2	GROW	3000	1.218086	0.431166	10	8	9	0.748047
2	1	2	0	-1	GROW	3000	1.218086	0.431166	3	8	9	0.498047
2	1	2	0	0	GROW	3000	1.218086	0.431166		0	9	0.000000
2	1	2	0	1	HALT	1	1.218086	0.431166		0	9	0.000000
2	1	2	0	2	GROW	3000	1.218086	0.431166	3	8	9	0.498047
2	1	2	1	-2	GROW	3000	1.218086	0.431166		7	9	0.810547
2	1	2	1	-1	GROW	3000	1.218086	0.431166		6	9	0.123047
2	1	2	1	0	GROW	3000	1.218086	0.431166		7	9	0.248047
2	1	2	1	1	HALT	1	1.218086	0.431166		8	9	0.498047
2	1	2	1	2	GROW	3000	1.218086	0.431166		7	9	0.248047
2	1	2	2	-2	GROW	3000	1.218086	0.431166		8	9	0.748047
2	1	2	2	-1	HALT	3	1.218086	0.431166		7	9	0.248047
2	1	2	2	0	GROW	3000	1.218086	0.431166		8	9	0.498047
2	1	2	2	1	HALT	1	1.218086	0.431166		6	9	0.123047
2	1	2	2	2	GROW	3000	1.218086	0.431166		7	9	0.248047
2	1	3	0	-2	GROW	3000	1.218086	0.431166		7	9	0.248047
2	1	3	0	-1	GROW	3000	1.218086	0.431166		7	9	0.248047
2	1	3	0	0	HALT	1	1.218086	0.431166		8	9	0.498047
2	1	3	0	1	GROW	3000	1.218086	0.431166		0	9	0.000000
2	1	3	0	2	GROW	3000	1.218086	0.431166		8	9	0.748047
2	1	3	1	-2	HALT	3	1.218086	0.431166		6	9	0.185547
2	1	3	1	-1	GROW	3000	1.218086	0.431166		7	9	0.373047
2	1	3	1	0	HALT	1	1.218086	0.431166		7	9	0.248047
2	1	3	1	1	GROW	3000	1.218086	0.431166		6	9	0.123047
2	1	3	1	2	GROW	3000	1.218086	0.431166		7	9	0.810547
2	1	3	2	-2	GROW	3000	1.218086	0.431166		8	9	0.498047
2	1	3	2	-1	GROW	3000	1.218086	0.431166		5	9	0.060547
2	1	3	2	0	HALT	1	1.218086	0.431166		6	9	0.123047
2	1	3	2	1	HALT	3	1.218086	0.431166		6	9	0.404297
2	1	3	2	2	GROW	3000	1.218086	0.431166		6	9	0.560547
2	2	1	0	-2	GROW	3000	1.401524	0.382250	6	7	9	0.373047
2	2	1	0	-1	GROW	3000	1.401524	0.382250	6	8	9	0.748047
2	2	1	0	0	GROW	3000	1.401524	0.382250	4	0	9	0.000000
2	2	1	0	1	HALT	1	1.401524	0.382250		0	9	0.000000
2	2	1	0	2	GROW	3000	1.401524	0.382250	6	8	9	0.748047
2	2	1	1	-2	GROW	3000	1.401524	0.382250	6	5	9	0.060547
2	2	1	1	-1	GROW	3000	1.401524	0.382250		7	9	0.623047
2	2	1	1	0	GROW	3000	1.401524	0.382250	4	7	9	0.248047
2	2	1	1	1	HALT	1	1.401524	0.382250		6	9	0.123047
2	2	1	1	2	GROW	3000	1.401524	0.382250	6	7	9	0.810547
2	2	1	2	-2	GROW	3000	1.401524	0.382250	6	7	9	0.248047
2	2	1	2	-1	GROW	3000	1.401524	0.382250		6	9	0.560547
2	2	1	2	0	GROW	3000	1.401524	0.382250	4	6	9	0.123047
2	2	1	2	1	HALT	1	1.401524	0.382250		6	9	0.404297
2	2	1	2	2	GROW	3000	1.401524	0.382250	6	6	9	0.560547
2	2	2	0	-2	GROW	3000	1.401524	0.382250	3	8	9	0.748047
2	2	2	0	-1	GROW	3000	1.401524	0.382250	4	0	9	0.000000
2	2	2	0	0	HALT	1	1.401524	0.382250		0	9	0.000000
2	2	2	0	1	GROW	3000	1.401524	0.382250	3	9	9	0.998047
2	2	2	0	2	GROW	3000	1.401524	0.382250		0	9	0.000000
2	2	2	1	-2	GROW	3000	1.401524	0.382250		4	9	0.572266
2	2	2	1	-1	GROW	3000	1.401524	0.382250	4	4	9	0.146484
2	2	2	1	0	HALT	1	1.401524	0.382250		5	9	0.294922
2	2	2	1	1	GROW	3000	1.401524	0.382250	6	5	9	0.589844
2	2	2	1	2	GROW	3000	1.401524	0.382250		5	9	0.181641
2	2	2	2	-2	GROW	3000	1.401524	0.382250		7	9	0.623047
2	2	2	2	-1	GROW	3000	1.401524	0.382250	4	5	9	0.294922
2	2	2	2	0	HALT	1	1.401524	0.382250		7	9	0.248047
2	2	2	2	1	GROW	3000	1.401524	0.382250	6	5	9	0.589844
2	2	2	2	2	GROW	3000	1.401524	0.382250		6	9	0.123047
2	2	3	0	-2	GROW	3000	1.401524	0.382250	4	6	9	0.123047
2	2	3	0	-1	HALT	1	1.401524	0.382250		7	9	0.373047
2	2	3	0	0	GROW	3000	1.401524	0.382250	6	8	9	0.748047
2	2	3	0	1	GROW	3000	1.401524	0.382250		0	9	0.000000
2	2	3	0	2	GROW	3000	1.401524	0.382250	4	0	9	0.000000
2	2	3	1	-2	GROW	3000	1.401524	0.382250	4	6	9	0.404297
2	2	3	1	-1	HALT	1	1.401524	0.382250		5	9	0.060547
2	2	3	1	0	GROW	3000	1.401524	0.382250	6	7	9	0.623047
2	2	3	1	1	GROW	3000	1.401524	0.382250		7	9	0.248047
2	2	3	1	2	GROW	3000	1.401524	0.382250	4	6	9	0.123047
2	2	3	2	-2	GROW	3000	1.401524	0.382250	4	6	9	0.123047
2	2	3	2	-1	HALT	1	1.401524	0.382250		7	9	0.248047
2	2	3	2	0	GROW	3000	1.401524	0.382250	6	6	9	0.560547
2	2	3	2	1	GROW	3000	1.401524	0.382250		6	9	0.123047
2	2	3	2	2	GROW	3000	1.401524	0.382250	4	6	9	0.404297
2	3	1	0	-2	GROW	3000	1.560369	0.345280		5	9	0.822266
2	3	1	0	-1	GROW	3000	1.560369	0.345280		4	9	0.574219
2	3	1	0	0	HALT	1	1.560369	0.345280		0	9	0.000000
2	3	1	0	1	GROW	3000	1.560369	0.345280		0	9	0.000000
2	3	1	0	2	GROW	3000	1.560369	0.345280		5	9	0.576172
2	3	1	1	-2	GROW	3000	1.560369	0.345280		2	9	0.507812
2	3	1	1	-1	GROW	3000	1.560369	0.345280		5	9	0.576172
2	3	1	1	0	HALT	1	1.560369	0.345280		3	9	0.013672
2	3	1	1	1	GROW	3000	1.560369	0.345280		3	9	0.072266
2	3	1	1	2	GROW	3000	1.560369	0.345280		3	9	0.564453
2	3	1	2	-2	GROW	3000	1.560369	0.345280		5	9	0.576172
2	3	1	2	-1	GROW	3000	1.560369	0.345280		4	9	0.572266
2	3	1	2	0	HALT	1	1.560369	0.345280		4	9	0.076172
2	3	1	2	1	GROW	3000	1.560369	0.345280		4	9	0.076172
2	3	1	2	2	GROW	3000	1.560369	0.345280		3	9	0.509766
2	3	2	0	-2	GROW	3000	1.560369	0.345280	14	4	9	0.574219
2	3	2	0	-1	HALT	1	1.560369	0.345280		4	9	0.076172
2	3	2	0	0	GROW	3000	1.560369	0.345280	3	0	9	0.000000
2	3	2	0	1	GROW	3000	1.560369	0.345280		5	9	0.576172
2	3	2	0	2	GROW	3000	1.560369	0.345280		0	9	0.000000
2	3	2	1	-2	GROW	3000	1.560369	0.345280		3	9	0.570312
2	3	2	1	-1	HALT	1	1.560369	0.345280		2	9	0.009766
2	3	2	1	0	GROW	3000	1.560369	0.345280		3	9	0.068359
2	3	2	1	1	GROW	3000	1.560369	0.345280		4	9	0.572266
2	3	2	1	2	GROW	3000	1.560369	0.345280		4	9	0.076172
2	3	2	2	-2	GROW	3000	1.560369	0.345280		5	9	0.576172
2	3	2	2	-1	HALT	1	1.560369	0.345280		3	9	0.072266
2	3	2	2	0	GROW	3000	1.560369	0.345280		3	9	0.013672
2	3	2	2	1	GROW	3000	1.560369	0.345280		4	9	0.513672
2	3	2	2	2	GROW	3000	1.560369	0.345280		3	9	0.072266
2	3	3	0	-2	HALT	1	1.560369	0.345280		3	9	0.013672
2	3	3	0	-1	GROW	3000	1.560369	0.345280		3	9	0.013672
2	3	3	0	0	GROW	3000	1.560369	0.345280		5	9	0.576172
2	3	3	0	1	GROW	3000	1.560369	0.345280		4	9	0.076172
2	3	3	0	2	GROW	3000	1.560369	0.345280		5	9	0.576172
2	3	3	1	-2	HALT	1	1.560369	0.345280		4	9	0.076172
2	3	3	1	-1	GROW	3000	1.560369	0.345280		3	9	0.074219
2	3	3	1	0	GROW	3000	1.560369	0.345280		4	9	0.572266
2	3	3	1	1	GROW	3000	1.560369	0.345280		3	9	0.072266
2	3	3	1	2	GROW	3000	1.560369	0.345280		4	9	0.513672
2	3	3	2	-2	HALT	1	1.560369	0.345280		4	9	0.076172
2	3	3	2	-1	GROW	3000	1.560369	0.345280		3	9	0.013672
2	3	3	2	0	GROW	3000	1.560369	0.345280		4	9	0.574219
2	3	3	2	1	HALT	5	1.560369	0.345280		3	9	0.068359
2	3	3	2	2	GROW	3000	1.560369	0.345280		4	9	0.513672
2	4	1	0	-2	GROW	3000	1.700762	0.316125	4	8	9	0.873047
2	4	1	0	-1	HALT	1	1.700762	0.316125		0	9	0.000000
2	4	1	0	0	GROW	3000	1.700762	0.316125	6	0	9	0.000000
2	4	1	0	1	GROW	3000	1.700762	0.316125	12	8	9	0.498047
2	4	1	0	2	GROW	3000	1.700762	0.316125	4	1	9	0.500000
2	4	1	1	-2	GROW	3000	1.700762	0.316125	4	4	9	0.572266
2	4	1	1	-1	HALT	1	1.700762	0.316125		4	9	0.146484
2	4	1	1	0	GROW	3000	1.700762	0.316125	6	5	9	0.294922
2	4	1	1	1	GROW	3000	1.700762	0.316125	16	4	9	0.089844
2	4	1	1	2	GROW	3000	1.700762	0.316125	4	5	9	0.556641
2	4	1	2	-2	GROW	3000	1.700762	0.316125	4	7	9	0.623047
2	4	1	2	-1	HALT	1	1.700762	0.316125		5	9	0.294922
2	4	1	2	0	GROW	3000	1.700762	0.316125	6	5	9	0.060547
2	4	1	2	1	GROW	3000	1.700762	0.316125	12	4	9	0.089844
2	4	1	2	2	GROW	3000	1.700762	0.316125	4	7	9	0.904297
2	4	2	0	-2	HALT	1	1.700762	0.316125		0	9	0.000000
2	4	2	0	-1	GROW	3000	1.700762	0.316125	3	7	9	0.373047
2	4	2	0	0	GROW	3000	1.700762	0.316125		0	9	0.000000
2	4	2	0	1	GROW	3000	1.700762	0.316125	4	1	9	0.500000
2	4	2	0	2	GROW	3000	1.700762	0.316125	3	8	9	0.498047
2	4	2	1	-2	HALT	1	1.700762	0.316125		3	9	0.285156
2	4	2	1	-1	GROW	3000	1.700762	0.316125	6	3	9	0.072266
2	4	2	1	0	GROW	3000	1.700762	0.316125	12	4	9	0.146484
2	4	2	1	1	GROW	3000	1.700762	0.316125	4	6	9	0.794922
2	4	2	1	2	HALT	2	1.700762	0.316125		4	9	0.089844
2	4	2	2	-2	HALT	1	1.700762	0.316125		4	9	0.146484
2	4	2	2	-1	GROW	3000	1.700762	0.316125	6	6	9	0.123047
2	4	2	2	0	GROW	3000	1.700762	0.316125	12	5	9	0.294922
2	4	2	2	1	GROW	3000	1.700762	0.316125	4	6	9	0.560547
2	4	2	2	2	GROW	3000	1.700762	0.316125		4	9	0.089844
2	4	3	0	-2	GROW	3000	1.700762	0.316125	6	6	9	0.185547
2	4	3	0	-1	GROW	3000	1.700762	0.316125	12	0	9	0.000000
2	4	3	0	0	GROW	3000	1.700762	0.316125	4	8	9	0.873047
2	4	3	0	1	GROW	3000	1.700762	0.316125	24	0	9	0.000000
2	4	3	0	2	GROW	3000	1.700762	0.316125	8	0	9	0.000000
2	4	3	1	-2	GROW	3000	1.700762	0.316125	6	2	9	0.017578
2	4	3	1	-1	GROW	3000	1.700762	0.316125	12	3	9	0.285156
2	4	3	1	0	GROW	3000	1.700762	0.316125	4	4	9	0.572266
2	4	3	1	1	GROW	3000	1.700762	0.316125	16	4	9	0.146484
2	4	3	1	2	GROW	3000	1.700762	0.316125	8	5	9	0.294922
2	4	3	2	-2	GROW	3000	1.700762	0.316125	6	6	9	0.310547
2	4	3	2	-1	GROW	3000	1.700762	0.316125	16	4	9	0.146484
2	4	3	2	0	GROW	3000	1.700762	0.316125	4	7	9	0.623047
2	4	3	2	1	GROW	3000	1.700762	0.316125	40	5	9	0.294922
2	4	3	2	2	GROW	3000	1.700762	0.316125	8	5	9	0.060547
2	5	1	0	-2	HALT	1	1.826749	0.292404		4	9	0.304688
2	5	1	0	-1	GROW	3000	1.826749	0.292404		7	9	0.685547
2	5	1	0	0	GROW	3000	1.826749	0.292404		0	9	0.000000
2	5	1	0	1	GROW	3000	1.826749	0.292404		6	9	0.185547
2	5	1	0	2	GROW	3000	1.826749	0.292404		6	9	0.681641
2	5	1	1	-2	HALT	1	1.826749	0.292404		4	9	0.052734
2	5	1	1	-1	GROW	3000	1.826749	0.292404		6	9	0.683594
2	5	1	1	0	GROW	3000	1.826749	0.292404		6	9	0.185547
2	5	1	1	1	GROW	3000	1.826749	0.292404		5	9	0.181641
2	5	1	1	2	GROW	3000	1.826749	0.292404		6	9	0.560547
2	5	1	2	-2	HALT	1	1.826749	0.292404		6	9	0.185547
2	5	1	2	-1	GROW	3000	1.826749	0.292404		7	9	0.685547
2	5	1	2	0	GROW	3000	1.826749	0.292404		4	9	0.056641
2	5	1	2	1	GROW	3000	1.826749	0.292404		4	9	0.146484
2	5	1	2	2	GROW	3000	1.826749	0.292404		4	9	0.648438
2	5	2	0	-2	GROW	3000	1.826749	0.292404	3	7	9	0.685547
2	5	2	0	-1	GROW	3000	1.826749	0.292404		5	9	0.154297
2	5	2	0	0	GROW	3000	1.826749	0.292404		0	9	0.000000
2	5	2	0	1	GROW	3000	1.826749	0.292404	3	7	9	0.685547
2	5	2	0	2	GROW	3000	1.826749	0.292404		6	9	0.185547
2	5	2	1	-2	GROW	3000	1.826749	0.292404		5	9	0.544922
2	5	2	1	-1	GROW	3000	1.826749	0.292404		4	9	0.150391
2	5	2	1	0	GROW	3000	1.826749	0.292404		3	9	0.171875
2	5	2	1	1	HALT	2	1.826749	0.292404		6	9	0.560547
2	5	2	1	2	GROW	3000	1.826749	0.292404		5	9	0.177734
2	5	2	2	-2	GROW	3000	1.826749	0.292404		6	9	0.683594
2	5	2	2	-1	GROW	3000	1.826749	0.292404		2	9	0.046875
2	5	2	2	0	GROW	3000	1.826749	0.292404		6	9	0.185547
2	5	2	2	1	GROW	3000	1.826749	0.292404		4	9	0.648438
2	5	2	2	2	GROW	3000	1.826749	0.292404		5	9	0.181641
2	5	3	0	-2	GROW	3000	1.826749	0.292404		4	9	0.173828
2	5	3	0	-1	GROW	3000	1.826749	0.292404		1	9	0.015625
2	5	3	0	0	GROW	3000	1.826749	0.292404		6	9	0.681641
2	5	3	0	1	GROW	3000	1.826749	0.292404		5	9	0.154297
2	5	3	0	2	GROW	3000	1.826749	0.292404		5	9	0.154297
2	5	3	1	-2	GROW	3000	1.826749	0.292404		4	9	0.146484
2	5	3	1	-1	GROW	3000	1.826749	0.292404		4	9	0.166016
2	5	3	1	0	GROW	3000	1.826749	0.292404		6	9	0.654297
2	5	3	1	1	GROW	3000	1.826749	0.292404		4	9	0.173828
2	5	3	1	2	GROW	3000	1.826749	0.292404		2	9	0.046875
2	5	3	2	-2	HALT	2	1.826749	0.292404		5	9	0.177734
2	5	3	2	-1	GROW	3000	1.826749	0.292404		4	9	0.150391
2	5	3	2	0	GROW	3000	1.826749	0.292404		5	9	0.544922
2	5	3	2	1	GROW	3000	1.826749	0.292404		5	9	0.183594
2	5	3	2	2	GROW	3000	1.826749	0.292404		3	9	0.142578
2	6	1	0	-2	GROW	3000	1.941149	0.272640	6	4	9	0.287109
2	6	1	0	-1	GROW	3000	1.941149	0.272640	10	4	9	0.537109
2	6	1	0	0	GROW	3000	1.941149	0.272640	4	0	9	0.000000
2	6	1	0	1	GROW	3000	1.941149	0.272640		4	9	0.287109
2	6	1	0	2	GROW	3000	1.941149	0.272640	10	0	9	0.000000
2	6	1	1	-2	GROW	3000	1.941149	0.272640	6	1	9	0.003906
2	6	1	1	-1	GROW	3000	1.941149	0.272640		3	9	0.533203
2	6	1	1	0	GROW	3000	1.941149	0.272640	4	3	9	0.285156
2	6	1	1	1	GROW	3000	1.941149	0.272640		3	9	0.037109
2	6	1	1	2	GROW	3000	1.941149	0.272640	10	2	9	0.253906
2	6	1	2	-2	GROW	3000	1.941149	0.272640	6	2	9	0.005859
2	6	1	2	-1	GROW	3000	1.941149	0.272640		4	9	0.755859
2	6	1	2	0	GROW	3000	1.941149	0.272640	4	2	9	0.035156
2	6	1	2	1	GROW	3000	1.941149	0.272640		4	9	0.287109
2	6	1	2	2	GROW	3000	1.941149	0.272640	10	2	9	0.281250
2	6	2	0	-2	GROW	3000	1.941149	0.272640	10	4	9	0.537109
2	6	2	0	-1	GROW	3000	1.941149	0.272640	4	4	9	0.287109
2	6	2	0	0	GROW	3000	1.941149	0.272640	3	0	9	0.000000
2	6	2	0	1	GROW	3000	1.941149	0.272640	10	4	9	0.287109
2	6	2	0	2	GROW	3000	1.941149	0.272640		4	9	0.287109
2	6	2	1	-2	GROW	3000	1.941149	0.272640		5	9	0.798828
2	6	2	1	-1	GROW	3000	1.941149	0.272640	4	2	9	0.035156
2	6	2	1	0	HALT	2	1.941149	0.272640		3	9	0.314453
2	6	2	1	1	GROW	3000	1.941149	0.272640	10	4	9	0.380859
2	6	2	1	2	GROW	3000	1.941149	0.272640		3	9	0.285156
2	6	2	2	-2	HALT	2	1.941149	0.272640		3	9	0.533203
2	6	2	2	-1	GROW	3000	1.941149	0.272640	4	4	9	0.380859
2	6	2	2	0	GROW	3000	1.941149	0.272640		3	9	0.285156
2	6	2	2	1	GROW	3000	1.941149	0.272640	10	3	9	0.285156
2	6	2	2	2	GROW	3000	1.941149	0.272640		3	9	0.037109
2	6	3	0	-2	GROW	3000	1.941149	0.272640	4	2	9	0.005859
2	6	3	0	-1	GROW	3000	1.941149	0.272640		4	9	0.410156
2	6	3	0	0	GROW	3000	1.941149	0.272640	10	4	9	0.287109
2	6	3	0	1	GROW	3000	1.941149	0.272640		4	9	0.287109
2	6	3	0	2	GROW	3000	1.941149	0.272640	4	4	9	0.537109
2	6	3	1	-2	GROW	3000	1.941149	0.272640	4	3	9	0.283203
2	6	3	1	-1	GROW	3000	1.941149	0.272640		3	9	0.255859
2	6	3	1	0	GROW	3000	1.941149	0.272640	10	3	9	0.285156
2	6	3	1	1	GROW	3000	1.941149	0.272640		1	9	0.003906
2	6	3	1	2	GROW	3000	1.941149	0.272640	4	3	9	0.533203
2	6	3	2	-2	GROW	3000	1.941149	0.272640	4	3	9	0.285156
2	6	3	2	-1	GROW	3000	1.941149	0.272640		4	9	0.287109
2	6	3	2	0	GROW	3000	1.941149	0.272640	10	2	9	0.035156
2	6	3	2	1	GROW	3000	1.941149	0.272640		2	9	0.005859
2	6	3	2	2	GROW	3000	1.941149	0.272640	4	4	9	0.755859
2	7	1	0	-2	GROW	3000	2.046007	0.255860		6	9	0.365234
2	7	1	0	-1	GROW	3000	2.046007	0.255860		5	9	0.576172
2	7	1	0	0	GROW	3000	2.046007	0.255860		0	9	0.000000
2	7	1	0	1	GROW	3000	2.046007	0.255860		8	9	0.498047
2	7	1	0	2	GROW	3000	2.046007	0.255860		0	9	0.000000
2	7	1	1	-2	GROW	3000	2.046007	0.255860		3	9	0.080078
2	7	1	1	-1	GROW	3000	2.046007	0.255860		4	9	0.642578
2	7	1	1	0	GROW	3000	2.046007	0.255860		3	9	0.269531
2	7	1	1	1	GROW	3000	2.046007	0.255860		4	9	0.226562
2	7	1	1	2	GROW	3000	2.046007	0.255860		5	9	0.363281
2	7	1	2	-2	HALT	2	2.046007	0.255860		4	9	0.113281
2	7	1	2	-1	GROW	3000	2.046007	0.255860		7	9	0.988281
2	7	1	2	0	GROW	3000	2.046007	0.255860		4	9	0.087891
2	7	1	2	1	GROW	3000	2.046007	0.255860		5	9	0.337891
2	7	1	2	2	GROW	3000	2.046007	0.255860		5	9	0.425781
2	7	2	0	-2	GROW	3000	2.046007	0.255860	22	5	9	0.576172
2	7	2	0	-1	GROW	3000	2.046007	0.255860	3	8	9	0.498047
2	7	2	0	0	GROW	3000	2.046007	0.255860	7	0	9	0.000000
2	7	2	0	1	GROW	3000	2.046007	0.255860	40	6	9	0.365234
2	7	2	0	2	GROW	3000	2.046007	0.255860	3	8	9	0.498047
2	7	2	1	-2	GROW	3000	2.046007	0.255860		6	9	0.863281
2	7	2	1	-1	HALT	2	2.046007	0.255860		3	9	0.095703
2	7	2	1	0	GROW	3000	2.046007	0.255860		6	9	0.464844
2	7	2	1	1	GROW	3000	2.046007	0.255860		5	9	0.402344
2	7	2	1	2	GROW	3000	2.046007	0.255860		3	9	0.328125
2	7	2	2	-2	GROW	3000	2.046007	0.255860		4	9	0.642578
2	7	2	2	-1	GROW	3000	2.046007	0.255860		7	9	0.496094
2	7	2	2	0	GROW	3000	2.046007	0.255860		3	9	0.269531
2	7	2	2	1	GROW	3000	2.046007	0.255860		6	9	0.371094
2	7	2	2	2	GROW	3000	2.046007	0.255860		4	9	0.226562
2	7	3	0	-2	GROW	3000	2.046007	0.255860		3	9	0.158203
2	7	3	0	-1	GROW	3000	2.046007	0.255860		8	9	0.498047
2	7	3	0	0	GROW	3000	2.046007	0.255860		4	9	0.332031
2	7	3	0	1	GROW	3000	2.046007	0.255860		4	9	0.277344
2	7	3	0	2	HALT	1	2.046007	0.255860		5	9	0.201172
2	7	3	1	-2	GROW	3000	2.046007	0.255860		3	9	0.269531
2	7	3	1	-1	GROW	3000	2.046007	0.255860		7	9	0.373047
2	7	3	1	0	GROW	3000	2.046007	0.255860		6	9	0.488281
2	7	3	1	1	GROW	3000	2.046007	0.255860		5	9	0.242188
2	7	3	1	2	HALT	1	2.046007	0.255860		5	9	0.333984
2	7	3	2	-2	GROW	3000	2.046007	0.255860		7	9	0.466797
2	7	3	2	-1	GROW	3000	2.046007	0.255860		5	9	0.484375
2	7	3	2	0	GROW	3000	2.046007	0.255860		3	9	0.097656
2	7	3	2	1	GROW	3000	2.046007	0.255860		4	9	0.441406
2	7	3	2	2	HALT	1	2.046007	0.255860		3	9	0.267578
3	-1	1	0	-2	HALT	1	1.411860	0.376643		4	9	0.287109
3	-1	1	0	-1	GROW	3000	1.411860	0.376643		4	9	0.548828
3	-1	1	0	0	GROW	3000	1.411860	0.376643		0	9	0.000000
3	-1	1	0	1	GROW	3000	1.411860	0.376643		5	9	0.177734
3	-1	1	0	2	HALT	1	1.411860	0.376643		4	9	0.076172
3	-1	1	1	-2	HALT	1	1.411860	0.376643		2	9	0.017578
3	-1	1	1	-1	GROW	3000	1.411860	0.376643		5	9	0.720703
3	-1	1	1	0	GROW	3000	1.411860	0.376643		6	9	0.123047
3	-1	1	1	1	GROW	3000	1.411860	0.376643		4	9	0.173828
3	-1	1	1	2	HALT	1	1.411860	0.376643		3	9	0.068359
3	-1	1	2	-2	HALT	1	1.411860	0.376643		2	9	0.009766
3	-1	1	2	-1	GROW	3000	1.411860	0.376643		6	9	0.736328
3	-1	1	2	0	GROW	3000	1.411860	0.376643		3	9	0.021484
3	-1	1	2	1	GROW	3000	1.411860	0.376643		5	9	0.107422
3	-1	1	2	2	HALT	1	1.411860	0.376643		4	9	0.150391
3	-1	2	0	-2	GROW	3000	1.411860	0.376643		4	9	0.548828
3	-1	2	0	-1	GROW	3000	1.411860	0.376643		7	9	0.248047
3	-1	2	0	0	GROW	3000	1.411860	0.376643		0	9	0.000000
3	-1	2	0	1	HALT	1	1.411860	0.376643		0	9	0.000000
3	-1	2	0	2	GROW	3000	1.411860	0.376643		5	9	0.177734
3	-1	2	1	-2	GROW	3000	1.411860	0.376643		3	9	0.539062
3	-1	2	1	-1	GROW	3000	1.411860	0.376643		3	9	0.037109
3	-1	2	1	0	GROW	3000	1.411860	0.376643		3	9	0.189453
3	-1	2	1	1	HALT	1	1.411860	0.376643		5	9	0.212891
3	-1	2	1	2	GROW	3000	1.411860	0.376643		4	9	0.052734
3	-1	2	2	-2	GROW	3000	1.411860	0.376643		5	9	0.720703
3	-1	2	2	-1	HALT	2	1.411860	0.376643		4	9	0.146484
3	-1	2	2	0	GROW	3000	1.411860	0.376643		6	9	0.123047
3	-1	2	2	1	HALT	1	1.411860	0.376643		5	9	0.107422
3	-1	2	2	2	GROW	3000	1.411860	0.376643		4	9	0.173828
3	-1	3	0	-2	GROW	3000	1.411860	0.376643	3	7	9	0.248047
3	-1	3	0	-1	GROW	3000	1.411860	0.376643		7	9	0.248047
3	-1	3	0	0	HALT	1	1.411860	0.376643		0	9	0.000000
3	-1	3	0	1	GROW	3000	1.411860	0.376643	3	0	9	0.000000
3	-1	3	0	2	GROW	3000	1.411860	0.376643	10	7	9	0.732422
3	-1	3	1	-2	HALT	2	1.411860	0.376643		3	9	0.048828
3	-1	3	1	-1	GROW	3000	1.411860	0.376643		5	9	0.107422
3	-1	3	1	0	HALT	1	1.411860	0.376643		5	9	0.154297
3	-1	3	1	1	GROW	3000	1.411860	0.376643		2	9	0.132812
3	-1	3	1	2	GROW	3000	1.411860	0.376643		4	9	0.568359
3	-1	3	2	-2	GROW	3000	1.411860	0.376643		2	9	0.126953
3	-1	3	2	-1	GROW	3000	1.411860	0.376643		5	9	0.236328
3	-1	3	2	0	HALT	1	1.411860	0.376643		4	9	0.111328
3	-1	3	2	1	GROW	3000	1.411860	0.376643		4	9	0.220703
3	-1	3	2	2	HALT	2	1.411860	0.376643		3	9	0.533203
3	1	1	0	-2	GROW	3000	1.734872	0.300878		8	9	0.873047
3	1	1	0	-1	GROW	3000	1.734872	0.300878		6	9	0.607422
3	1	1	0	0	HALT	1	1.734872	0.300878		0	9	0.000000
3	1	1	0	1	GROW	3000	1.734872	0.300878		5	9	0.181641
3	1	1	0	2	GROW	3000	1.734872	0.300878		6	9	0.591797
3	1	1	1	-2	GROW	3000	1.734872	0.300878		5	9	0.529297
3	1	1	1	-1	GROW	3000	1.734872	0.300878		7	9	0.732422
3	1	1	1	0	HALT	1	1.734872	0.300878		4	9	0.056641
3	1	1	1	1	GROW	3000	1.734872	0.300878		4	9	0.111328
3	1	1	1	2	GROW	3000	1.734872	0.300878		5	9	0.583984
3	1	1	2	-2	GROW	3000	1.734872	0.300878		6	9	0.591797
3	1	1	2	-1	GROW	3000	1.734872	0.300878		6	9	0.619141
3	1	1	2	0	HALT	1	1.734872	0.300878		4	9	0.076172
3	1	1	2	1	GROW	3000	1.734872	0.300878		1	9	0.007812
3	1	1	2	2	HALT	2	1.734872	0.300878		5	9	0.679688
3	1	2	0	-2	GROW	3000	1.734872	0.300878		6	9	0.607422
3	1	2	0	-1	HALT	1	1.734872	0.300878		0	9	0.000000
3	1	2	0	0	GROW	3000	1.734872	0.300878		0	9	0.000000
3	1	2	0	1	GROW	3000	1.734872	0.300878		3	9	0.570312
3	1	2	0	2	GROW	3000	1.734872	0.300878		5	9	0.181641
3	1	2	1	-2	GROW	3000	1.734872	0.300878		6	9	0.607422
3	1	2	1	-1	HALT	1	1.734872	0.300878		3	9	0.025391
3	1	2	1	0	GROW	3000	1.734872	0.300878		4	9	0.197266
3	1	2	1	1	HALT	2	1.734872	0.300878		7	9	0.623047
3	1	2	1	2	GROW	3000	1.734872	0.300878		6	9	0.123047
3	1	2	2	-2	GROW	3000	1.734872	0.300878		7	9	0.732422
3	1	2	2	-1	HALT	1	1.734872	0.300878		5	9	0.119141
3	1	2	2	0	GROW	3000	1.734872	0.300878		4	9	0.056641
3	1	2	2	1	GROW	3000	1.734872	0.300878		4	9	0.537109
3	1	2	2	2	GROW	3000	1.734872	0.300878		4	9	0.111328
3	1	3	0	-2	HALT	1	1.734872	0.300878		5	9	0.181641
3	1	3	0	-1	GROW	3000	1.734872	0.300878	3	0	9	0.000000
3	1	3	0	0	HALT	2	1.734872	0.300878		3	9	0.570312
3	1	3	0	1	GROW	3000	1.734872	0.300878		0	9	0.000000
3	1	3	0	2	GROW	3000	1.734872	0.300878	3	3	9	0.570312
3	1	3	1	-2	HALT	1	1.734872	0.300878		3	9	0.025391
3	1	3	1	-1	GROW	3000	1.734872	0.300878		4	9	0.099609
3	1	3	1	0	GROW	3000	1.734872	0.300878		6	9	0.607422
3	1	3	1	1	GROW	3000	1.734872	0.300878		5	9	0.212891
3	1	3	1	2	GROW	3000	1.734872	0.300878		3	9	0.523438
3	1	3	2	-2	HALT	1	1.734872	0.300878		4	9	0.089844
3	1	3	2	-1	GROW	3000	1.734872	0.300878		5	9	0.181641
3	1	3	2	0	GROW	3000	1.734872	0.300878		4	9	0.554688
3	1	3	2	1	GROW	3000	1.734872	0.300878		5	9	0.107422
3	1	3	2	2	GROW	3000	1.734872	0.300878		4	9	0.541016
3	2	1	0	-2	GROW	3000	1.867436	0.275439	4	6	9	0.802734
3	2	1	0	-1	HALT	1	1.867436	0.275439		0	9	0.000000
3	2	1	0	0	GROW	3000	1.867436	0.275439	6	0	9	0.000000
3	2	1	0	1	GROW	3000	1.867436	0.275439	16	3	9	0.285156
3	2	1	0	2	GROW	3000	1.867436	0.275439	4	5	9	0.589844
3	2	1	1	-2	GROW	3000	1.867436	0.275439	4	3	9	0.511719
3	2	1	1	-1	HALT	1	1.867436	0.275439		3	9	0.097656
3	2	1	1	0	GROW	3000	1.867436	0.275439	6	6	9	0.310547
3	2	1	1	1	HALT	2	1.867436	0.275439		5	9	0.060547
3	2	1	1	2	GROW	3000	1.867436	0.275439	4	5	9	0.771484
3	2	1	2	-2	GROW	3000	1.867436	0.275439	4	4	9	0.527344
3	2	1	2	-1	HALT	1	1.867436	0.275439		3	9	0.267578
3	2	1	2	0	GROW	3000	1.867436	0.275439	6	3	9	0.054688
3	2	1	2	1	GROW	3000	1.867436	0.275439	12	4	9	0.324219
3	2	1	2	2	GROW	3000	1.867436	0.275439	4	5	9	0.791016
3	2	2	0	-2	HALT	1	1.867436	0.275439		0	9	0.000000
3	2	2	0	-1	GROW	3000	1.867436	0.275439	6	6	9	0.371094
3	2	2	0	0	HALT	2	1.867436	0.275439		0	9	0.000000
3	2	2	0	1	GROW	3000	1.867436	0.275439	4	4	9	0.785156
3	2	2	0	2	GROW	3000	1.867436	0.275439		3	9	0.285156
3	2	2	1	-2	HALT	1	1.867436	0.275439		5	9	0.308594
3	2	2	1	-1	GROW	3000	1.867436	0.275439	6	4	9	0.058594
3	2	2	1	0	GROW	3000	1.867436	0.275439	12	3	9	0.267578
3	2	2	1	1	GROW	3000	1.867436	0.275439	4	5	9	0.824219
3	2	2	1	2	GROW	3000	1.867436	0.275439		6	9	0.310547
3	2	2	2	-2	HALT	1	1.867436	0.275439		3	9	0.097656
3	2	2	2	-1	GROW	3000	1.867436	0.275439	6	2	9	0.253906
3	2	2	2	0	GROW	3000	1.867436	0.275439		6	9	0.310547
3	2	2	2	1	GROW	3000	1.867436	0.275439	4	6	9	0.917969
3	2	2	2	2	GROW	3000	1.867436	0.275439		5	9	0.060547
3	2	3	0	-2	GROW	3000	1.867436	0.275439	3	0	9	0.000000
3	2	3	0	-1	GROW	3000	1.867436	0.275439	10	3	9	0.285156
3	2	3	0	0	GROW	3000	1.867436	0.275439	4	4	9	0.785156
3	2	3	0	1	GROW	3000	1.867436	0.275439	3	8	9	0.498047
3	2	3	0	2	GROW	3000	1.867436	0.275439	8	0	9	0.000000
3	2	3	1	-2	GROW	3000	1.867436	0.275439	6	2	9	0.312500
3	2	3	1	-1	GROW	3000	1.867436	0.275439		3	9	0.378906
3	2	3	1	0	GROW	3000	1.867436	0.275439	4	6	9	0.794922
3	2	3	1	1	GROW	3000	1.867436	0.275439	56	2	9	0.019531
3	2	3	1	2	GROW	3000	1.867436	0.275439	8	1	9	0.031250
3	2	3	2	-2	GROW	3000	1.867436	0.275439	6	5	9	0.302734
3	2	3	2	-1	GROW	3000	1.867436	0.275439	12	5	9	0.294922
3	2	3	2	0	GROW	3000	1.867436	0.275439	4	5	9	0.605469
3	2	3	2	1	GROW	3000	1.867436	0.275439	16	2	9	0.019531
3	2	3	2	2	GROW	3000	1.867436	0.275439	8	3	9	0.261719
3	3	1	0	-2	HALT	1	1.986487	0.254833		7	9	0.373047
3	3	1	0	-1	GROW	3000	1.986487	0.254833		8	9	0.748047
3	3	1	0	0	HALT	2	1.986487	0.254833		0	9	0.000000
3	3	1	0	1	GROW	3000	1.986487	0.254833		4	9	0.332031
3	3	1	0	2	GROW	3000	1.986487	0.254833		8	9	0.748047
3	3	1	1	-2	HALT	1	1.986487	0.254833		6	9	0.123047
3	3	1	1	-1	GROW	3000	1.986487	0.254833		7	9	0.623047
3	3	1	1	0	GROW	3000	1.986487	0.254833		8	9	0.498047
3	3	1	1	1	GROW	3000	1.986487	0.254833		6	9	0.123047
3	3	1	1	2	GROW	3000	1.986487	0.254833		7	9	0.810547
3	3	1	2	-2	HALT	1	1.986487	0.254833		7	9	0.248047
3	3	1	2	-1	GROW	3000	1.986487	0.254833		7	9	0.810547
3	3	1	2	0	GROW	3000	1.986487	0.254833		6	9	0.123047
3	3	1	2	1	GROW	3000	1.986487	0.254833		7	9	0.466797
3	3	1	2	2	GROW	3000	1.986487	0.254833		7	9	0.810547
3	3	2	0	-2	GROW	3000	1.986487	0.254833		8	9	0.748047
3	3	2	0	-1	GROW	3000	1.986487	0.254833		4	9	0.332031
3	3	2	0	0	GROW	3000	1.986487	0.254833		0	9	0.000000
3	3	2	0	1	GROW	3000	1.986487	0.254833		9	9	0.998047
3	3	2	0	2	GROW	3000	1.986487	0.254833		4	9	0.332031
3	3	2	1	-2	GROW	3000	1.986487	0.254833		7	9	0.841797
3	3	2	1	-1	GROW	3000	1.986487	0.254833		5	9	0.208984
3	3	2	1	0	GROW	3000	1.986487	0.254833		7	9	0.373047
3	3	2	1	1	GROW	3000	1.986487	0.254833		6	9	0.839844
3	3	2	1	2	GROW	3000	1.986487	0.254833		8	9	0.498047
3	3	2	2	-2	GROW	3000	1.986487	0.254833		7	9	0.623047
3	3	2	2	-1	GROW	3000	1.986487	0.254833		7	9	0.373047
3	3	2	2	0	GROW	3000	1.986487	0.254833		8	9	0.498047
3	3	2	2	1	GROW	3000	1.986487	0.254833		6	9	0.839844
3	3	2	2	2	GROW	3000	1.986487	0.254833		6	9	0.123047
3	3	3	0	-2	GROW	3000	1.986487	0.254833		6	9	0.123047
3	3	3	0	-1	GROW	3000	1.986487	0.254833		7	9	0.373047
3	3	3	0	0	GROW	3000	1.986487	0.254833	3	9	9	0.998047
3	3	3	0	1	GROW	3000	1.986487	0.254833		4	9	0.332031
3	3	3	0	2	GROW	3000	1.986487	0.254833		0	9	0.000000
3	3	3	1	-2	GROW	3000	1.986487	0.254833		7	9	0.466797
3	3	3	1	-1	GROW	3000	1.986487	0.254833		6	9	0.310547
3	3	3	1	0	GROW	3000	1.986487	0.254833		8	9	0.873047
3	3	3	1	1	GROW	3000	1.986487	0.254833		7	9	0.248047
3	3	3	1	2	GROW	3000	1.986487	0.254833		7	9	0.373047
3	3	3	2	-2	GROW	3000	1.986487	0.254833		7	9	0.373047
3	3	3	2	-1	GROW	3000	1.986487	0.254833		8	9	0.498047
3	3	3	2	0	GROW	3000	1.986487	0.254833		7	9	0.623047
3	3	3	2	1	GROW	3000	1.986487	0.254833		7	9	0.373047
3	3	3	2	2	GROW	3000	1.986487	0.254833		6	9	0.404297
3	4	1	0	-2	GROW	3000	2.094682	0.237720	6	0	9	0.000000
3	4	1	0	-1	GROW	3000	2.094682	0.237720	20	7	9	0.685547
3	4	1	0	0	GROW	3000	2.094682	0.237720	4	0	9	0.000000
3	4	1	0	1	GROW	3000	2.094682	0.237720	56	4	9	0.392578
3	4	1	0	2	GROW	3000	2.094682	0.237720	10	3	9	0.142578
3	4	1	1	-2	GROW	3000	2.094682	0.237720	6	4	9	0.029297
3	4	1	1	-1	GROW	3000	2.094682	0.237720	12	3	9	0.632812
3	4	1	1	0	GROW	3000	2.094682	0.237720	4	5	9	0.412109
3	4	1	1	1	GROW	3000	2.094682	0.237720		5	9	0.154297
3	4	1	1	2	GROW	3000	2.094682	0.237720	10	2	9	0.064453
3	4	1	2	-2	GROW	3000	2.094682	0.237720	6	5	9	0.154297
3	4	1	2	-1	GROW	3000	2.094682	0.237720	16	7	9	0.958984
3	4	1	2	0	GROW	3000	2.094682	0.237720	4	4	9	0.029297
3	4	1	2	1	GROW	3000	2.094682	0.237720	16	3	9	0.041016
3	4	1	2	2	GROW	3000	2.094682	0.237720	10	3	9	0.134766
3	4	2	0	-2	GROW	3000	2.094682	0.237720	12	7	9	0.685547
3	4	2	0	-1	GROW	3000	2.094682	0.237720	4	5	9	0.400391
3	4	2	0	0	GROW	3000	2.094682	0.237720		0	9	0.000000
3	4	2	0	1	GROW	3000	2.094682	0.237720	10	0	9	0.000000
3	4	2	0	2	GROW	3000	2.094682	0.237720	8	3	9	0.142578
3	4	2	1	-2	GROW	3000	2.094682	0.237720	16	4	9	0.755859
3	4	2	1	-1	GROW	3000	2.094682	0.237720	4	3	9	0.048828
3	4	2	1	0	GROW	3000	2.094682	0.237720	16	5	9	0.154297
3	4	2	1	1	GROW	3000	2.094682	0.237720	10	4	9	0.029297
3	4	2	1	2	GROW	3000	2.094682	0.237720	20	4	9	0.384766
3	4	2	2	-2	GROW	3000	2.094682	0.237720	56	3	9	0.632812
3	4	2	2	-1	GROW	3000	2.094682	0.237720	4	3	9	0.027344
3	4	2	2	0	GROW	3000	2.094682	0.237720		4	9	0.162109
3	4	2	2	1	GROW	3000	2.094682	0.237720	10	4	9	0.394531
3	4	2	2	2	GROW	3000	2.094682	0.237720		5	9	0.154297
3	4	3	0	-2	GROW	3000	2.094682	0.237720	4	3	9	0.142578
3	4	3	0	-1	GROW	3000	2.094682	0.237720	3	0	9	0.000000
3	4	3	0	0	GROW	3000	2.094682	0.237720	10	3	9	0.142578
3	4	3	0	1	GROW	3000	2.094682	0.237720	20	4	9	0.392578
3	4	3	0	2	GROW	3000	2.094682	0.237720	3	8	9	0.748047
3	4	3	1	-2	GROW	3000	2.094682	0.237720	4	2	9	0.156250
3	4	3	1	-1	GROW	3000	2.094682	0.237720	24	3	9	0.189453
3	4	3	1	0	GROW	3000	2.094682	0.237720	10	5	9	0.396484
3	4	3	1	1	GROW	3000	2.094682	0.237720		2	9	0.009766
3	4	3	1	2	GROW	3000	2.094682	0.237720	4	2	9	0.515625
3	4	3	2	-2	GROW	3000	2.094682	0.237720	4	4	9	0.146484
3	4	3	2	-1	GROW	3000	2.094682	0.237720		5	9	0.302734
3	4	3	2	0	GROW	3000	2.094682	0.237720	10	2	9	0.009766
3	4	3	2	1	GROW	3000	2.094682	0.237720		3	9	0.130859
3	4	3	2	2	GROW	3000	2.094682	0.237720	4	2	9	0.515625
3	5	1	0	-2	GROW	3000	2.193947	0.223224		2	9	0.251953
3	5	1	0	-1	GROW	3000	2.193947	0.223224		2	9	0.501953
3	5	1	0	0	GROW	3000	2.193947	0.223224		0	9	0.000000
3	5	1	0	1	GROW	3000	2.193947	0.223224		2	9	0.251953
3	5	1	0	2	GROW	3000	2.193947	0.223224		1	9	0.001953
3	5	1	1	-2	GROW	3000	2.193947	0.223224		1	9	0.001953
3	5	1	1	-1	GROW	3000	2.193947	0.223224		2	9	0.501953
3	5	1	1	0	GROW	3000	2.193947	0.223224		2	9	0.251953
3	5	1	1	1	GROW	3000	2.193947	0.223224		1	9	0.001953
3	5	1	1	2	GROW	3000	2.193947	0.223224		2	9	0.251953
3	5	1	2	-2	HALT	4	2.193947	0.223224		1	9	0.001953
3	5	1	2	-1	GROW	3000	2.193947	0.223224		2	9	0.750000
3	5	1	2	0	GROW	3000	2.193947	0.223224		1	9	0.001953
3	5	1	2	1	GROW	3000	2.193947	0.223224		2	9	0.251953
3	5	1	2	2	GROW	3000	2.193947	0.223224		2	9	0.251953
3	5	2	0	-2	GROW	3000	2.193947	0.223224		2	9	0.501953
3	5	2	0	-1	GROW	3000	2.193947	0.223224		2	9	0.251953
3	5	2	0	0	GROW	3000	2.193947	0.223224		0	9	0.000000
3	5	2	0	1	GROW	3000	2.193947	0.223224		2	9	0.251953
3	5	2	0	2	GROW	3000	2.193947	0.223224		2	9	0.251953
3	5	2	1	-2	GROW	3000	2.193947	0.223224		3	9	0.751953
3	5	2	1	-1	GROW	3000	2.193947	0.223224		1	9	0.001953
3	5	2	1	0	GROW	3000	2.193947	0.223224		2	9	0.251953
3	5	2	1	1	GROW	3000	2.193947	0.223224		2	9	0.251953
3	5	2	1	2	GROW	3000	2.193947	0.223224		2	9	0.251953
3	5	2	2	-2	GROW	3000	2.193947	0.223224		2	9	0.501953
3	5	2	2	-1	GROW	3000	2.193947	0.223224		2	9	0.251953
3	5	2	2	0	GROW	3000	2.193947	0.223224		2	9	0.251953
3	5	2	2	1	GROW	3000	2.193947	0.223224		2	9	0.251953
3	5	2	2	2	GROW	3000	2.193947	0.223224		1	9	0.001953
3	5	3	0	-2	GROW	3000	2.193947	0.223224	3	1	9	0.001953
3	5	3	0	-1	GROW	3000	2.193947	0.223224		2	9	0.251953
3	5	3	0	0	GROW	3000	2.193947	0.223224		2	9	0.251953
3	5	3	0	1	GROW	3000	2.193947	0.223224	3	2	9	0.251953
3	5	3	0	2	HALT	1	2.193947	0.223224		1	9	0.001953
3	5	3	1	-2	GROW	3000	2.193947	0.223224		2	9	0.251953
3	5	3	1	-1	GROW	3000	2.193947	0.223224		2	9	0.251953
3	5	3	1	0	GROW	3000	2.193947	0.223224		2	9	0.251953
3	5	3	1	1	GROW	3000	2.193947	0.223224		1	9	0.001953
3	5	3	1	2	HALT	1	2.193947	0.223224		1	9	0.001953
3	5	3	2	-2	GROW	3000	2.193947	0.223224		2	9	0.251953
3	5	3	2	-1	GROW	3000	2.193947	0.223224		2	9	0.251953
3	5	3	2	0	GROW	3000	2.193947	0.223224		1	9	0.001953
3	5	3	2	1	GROW	3000	2.193947	0.223224		1	9	0.001953
3	5	3	2	2	HALT	1	2.193947	0.223224		1	9	0.250000
3	6	1	0	-2	GROW	3000	2.285725	0.210750	4	8	9	0.873047
3	6	1	0	-1	GROW	3000	2.285725	0.210750		5	9	0.666016
3	6	1	0	0	GROW	3000	2.285725	0.210750	10	0	9	0.000000
3	6	1	0	1	GROW	3000	2.285725	0.210750	36	8	9	0.498047
3	6	1	0	2	GROW	3000	2.285725	0.210750	4	5	9	0.666016
3	6	1	1	-2	GROW	3000	2.285725	0.210750	4	5	9	0.603516
3	6	1	1	-1	GROW	3000	2.285725	0.210750		7	9	0.685547
3	6	1	1	0	GROW	3000	2.285725	0.210750	10	6	9	0.419922
3	6	1	1	1	HALT	3	2.285725	0.210750		7	9	0.248047
3	6	1	1	2	GROW	3000	2.285725	0.210750	4	5	9	0.556641
3	6	1	2	-2	GROW	3000	2.285725	0.210750	4	8	9	0.748047
3	6	1	2	-1	GROW	3000	2.285725	0.210750		7	9	0.919922
3	6	1	2	0	GROW	3000	2.285725	0.210750	10	5	9	0.060547
3	6	1	2	1	GROW	3000	2.285725	0.210750	8	7	9	0.248047
3	6	1	2	2	GROW	3000	2.285725	0.210750	4	7	9	0.904297
3	6	2	0	-2	GROW	3000	2.285725	0.210750		5	9	0.666016
3	6	2	0	-1	GROW	3000	2.285725	0.210750	10	8	9	0.498047
3	6	2	0	0	HALT	3	2.285725	0.210750		0	9	0.000000
3	6	2	0	1	GROW	3000	2.285725	0.210750	4	5	9	0.666016
3	6	2	0	2	HALT	1	2.285725	0.210750		8	9	0.498047
3	6	2	1	-2	GROW	3000	2.285725	0.210750		6	9	0.794922
3	6	2	1	-1	GROW	3000	2.285725	0.210750	10	5	9	0.228516
3	6	2	1	0	GROW	3000	2.285725	0.210750	8	6	9	0.185547
3	6	2	1	1	GROW	3000	2.285725	0.210750	4	7	9	0.919922
3	6	2	1	2	HALT	1	2.285725	0.210750		7	9	0.248047
3	6	2	2	-2	HALT	3	2.285725	0.210750		7	9	0.685547
3	6	2	2	-1	GROW	3000	2.285725	0.210750	10	7	9	0.248047
3	6	2	2	0	GROW	3000	2.285725	0.210750		6	9	0.419922
3	6	2	2	1	GROW	3000	2.285725	0.210750	4	7	9	0.685547
3	6	2	2	2	HALT	1	2.285725	0.210750		7	9	0.248047
3	6	3	0	-2	GROW	3000	2.285725	0.210750	10	6	9	0.185547
3	6	3	0	-1	GROW	3000	2.285725	0.210750	8	4	9	0.166016
3	6	3	0	0	GROW	3000	2.285725	0.210750	3	9	9	0.998047
3	6	3	0	1	HALT	1	2.285725	0.210750		4	9	0.166016
3	6	3	0	2	GROW	3000	2.285725	0.210750	6	5	9	0.666016
3	6	3	1	-2	GROW	3000	2.285725	0.210750	10	4	9	0.173828
3	6	3	1	-1	GROW	3000	2.285725	0.210750		4	9	0.410156
3	6	3	1	0	GROW	3000	2.285725	0.210750	4	5	9	0.697266
3	6	3	1	1	HALT	1	2.285725	0.210750		4	9	0.146484
3	6	3	1	2	GROW	3000	2.285725	0.210750	6	6	9	0.794922
3	6	3	2	-2	GROW	3000	2.285725	0.210750	10	7	9	0.435547
3	6	3	2	-1	GROW	3000	2.285725	0.210750	16	4	9	0.146484
3	6	3	2	0	GROW	3000	2.285725	0.210750	4	7	9	0.623047
3	6	3	2	1	HALT	1	2.285725	0.210750		5	9	0.294922
3	6	3	2	2	GROW	3000	2.285725	0.210750	6	7	9	0.685547
3	7	1	0	-2	GROW	3000	2.371124	0.199874		6	9	0.341797
3	7	1	0	-1	GROW	3000	2.371124	0.199874		4	9	0.636719
3	7	1	0	0	GROW	3000	2.371124	0.199874		0	9	0.000000
3	7	1	0	1	GROW	3000	2.371124	0.199874		3	9	0.136719
3	7	1	0	2	HALT	1	2.371124	0.199874		5	9	0.214844
3	7	1	1	-2	GROW	3000	2.371124	0.199874		3	9	0.013672
3	7	1	1	-1	GROW	3000	2.371124	0.199874		5	9	0.699219
3	7	1	1	0	GROW	3000	2.371124	0.199874		5	9	0.238281
3	7	1	1	1	GROW	3000	2.371124	0.199874		7	9	0.248047
3	7	1	1	2	HALT	1	2.371124	0.199874		4	9	0.052734
3	7	1	2	-2	GROW	3000	2.371124	0.199874		5	9	0.230469
3	7	1	2	-1	GROW	3000	2.371124	0.199874		5	9	0.652344
3	7	1	2	0	GROW	3000	2.371124	0.199874		4	9	0.058594
3	7	1	2	1	GROW	3000	2.371124	0.199874		4	9	0.193359
3	7	1	2	2	HALT	1	2.371124	0.199874		4	9	0.152344
3	7	2	0	-2	GROW	3000	2.371124	0.199874		4	9	0.636719
3	7	2	0	-1	GROW	3000	2.371124	0.199874		5	9	0.224609
3	7	2	0	0	GROW	3000	2.371124	0.199874		0	9	0.000000
3	7	2	0	1	HALT	1	2.371124	0.199874		3	9	0.136719
3	7	2	0	2	GROW	3000	2.371124	0.199874		3	9	0.136719
3	7	2	1	-2	GROW	3000	2.371124	0.199874		4	9	0.527344
3	7	2	1	-1	GROW	3000	2.371124	0.199874		6	9	0.185547
3	7	2	1	0	GROW	3000	2.371124	0.199874		6	9	0.216797
3	7	2	1	1	HALT	1	2.371124	0.199874		5	9	0.230469
3	7	2	1	2	GROW	3000	2.371124	0.199874		5	9	0.214844
3	7	2	2	-2	GROW	3000	2.371124	0.199874		5	9	0.699219
3	7	2	2	-1	GROW	3000	2.371124	0.199874		6	9	0.246094
3	7	2	2	0	GROW	3000	2.371124	0.199874		5	9	0.238281
3	7	2	2	1	HALT	1	2.371124	0.199874		5	9	0.214844
3	7	2	2	2	GROW	3000	2.371124	0.199874		7	9	0.248047
3	7	3	0	-2	GROW	3000	2.371124	0.199874		4	9	0.199219
3	7	3	0	-1	GROW	3000	2.371124	0.199874	3	7	9	0.248047
3	7	3	0	0	HALT	1	2.371124	0.199874		7	9	0.248047
3	7	3	0	1	GROW	3000	2.371124	0.199874	7	5	9	0.214844
3	7	3	0	2	GROW	3000	2.371124	0.199874	3	3	9	0.136719
3	7	3	1	-2	GROW	3000	2.371124	0.199874		5	9	0.208984
3	7	3	1	-1	GROW	3000	2.371124	0.199874		4	9	0.167969
3	7	3	1	0	HALT	1	2.371124	0.199874		5	9	0.214844
3	7	3	1	1	GROW	3000	2.371124	0.199874		5	9	0.169922
3	7	3	1	2	GROW	3000	2.371124	0.199874		3	9	0.097656
3	7	3	2	-2	GROW	3000	2.371124	0.199874		4	9	0.162109
3	7	3	2	-1	GROW	3000	2.371124	0.199874		6	9	0.216797
3	7	3	2	0	HALT	1	2.371124	0.199874		3	9	0.074219
3	7	3	2	1	GROW	3000	2.371124	0.199874		6	9	0.185547
3	7	3	2	2	GROW	3000	2.371124	0.199874		4	9	0.152344
